tile_id,color,x,y,width,height,area_px,center_x,center_y,mean_R,mean_G,mean_B
1,yellow,4,0,46,24,1084,26.3,11.4,201.1,137.9,61.2
2,yellow,105,0,46,24,1097,127.5,11.4,201.0,137.9,60.9
3,yellow,206,0,46,24,1078,228.4,11.4,201.1,137.9,61.2
4,yellow,308,0,46,24,1079,330.3,11.4,201.1,138.0,61.1
5,yellow,409,0,46,24,1097,431.4,11.4,201.2,137.9,61.1
6,yellow,510,0,46,24,1079,532.4,11.4,201.2,137.9,61.1
7,gray,80,3,22,47,978,89.9,25.3,90.7,138.2,113.8
8,gray,458,2,22,48,979,469.1,25.3,90.5,138.3,113.9
9,gray,181,2,22,48,947,191.3,25.4,90.7,138.1,113.9
10,gray,357,2,23,48,945,367.5,25.4,90.5,138.2,114.1
11,gray,485,2,22,48,983,495.0,25.4,90.8,138.1,114.0
12,gray,281,3,23,47,943,292.5,25.5,90.4,138.0,113.7
13,gray,53,3,23,47,931,63.6,25.6,90.6,138.2,114.0
14,gray,155,3,21,47,958,165.3,25.6,90.3,138.1,114.1
15,gray,384,3,21,47,953,393.7,25.6,90.4,138.2,114.0
16,gray,256,3,23,47,966,266.3,25.8,90.5,138.2,113.9
17,gray,534,27,24,48,946,545.3,50.2,90.2,138.1,114.4
18,gray,4,27,22,48,962,13.5,50.5,90.5,138.1,114.2
19,gray,232,27,22,48,986,241.8,50.7,90.4,138.1,114.2
20,gray,408,27,23,48,982,418.3,50.8,90.3,138.2,114.3
21,gray,306,27,24,48,960,316.9,50.9,90.6,138.0,114.2
22,gray,433,27,23,48,946,444.3,50.9,90.6,138.2,114.5
23,gray,509,27,23,48,951,519.6,50.9,90.3,138.3,114.1
24,gray,28,27,23,48,959,39.4,51.0,90.7,138.1,114.1
25,gray,104,27,23,48,959,114.5,51.0,90.6,138.2,114.4
26,gray,129,27,23,48,962,140.5,51.0,90.5,138.2,114.0
27,gray,205,27,24,48,970,215.7,51.0,90.4,138.0,114.0
28,gray,333,27,22,48,1009,343.0,51.0,90.6,138.0,114.1
29,yellow,257,53,46,46,2064,279.3,75.7,201.2,137.9,61.1
30,yellow,54,53,46,46,2007,76.8,75.9,201.4,137.8,61.0
31,yellow,156,53,46,46,1993,178.3,75.9,201.3,137.8,61.0
32,yellow,358,53,46,46,1976,380.5,75.9,201.3,137.8,61.1
33,yellow,459,53,47,46,2030,482.0,75.9,201.3,137.8,60.9
34,yellow,4,79,45,46,2043,26.2,101.4,201.1,137.9,60.8
35,yellow,511,79,45,46,2060,533.0,101.4,201.3,137.8,60.9
36,yellow,105,79,46,46,2013,127.5,101.5,201.1,137.9,60.9
37,yellow,207,79,45,46,2059,229.0,101.5,201.3,137.8,60.7
38,yellow,308,79,45,46,2060,330.1,101.5,201.2,137.9,60.8
39,yellow,409,79,45,46,2058,431.0,101.5,201.2,137.8,60.9
40,yellow,156,105,46,46,1998,178.0,127.0,201.1,137.9,60.9
41,yellow,257,105,46,46,2053,279.3,127.1,200.9,138.0,61.0
42,yellow,54,105,46,46,2014,76.7,127.2,201.1,137.9,60.9
43,yellow,459,105,47,46,2020,481.8,127.2,201.2,137.8,60.8
44,yellow,358,105,46,46,2001,380.5,127.3,201.1,137.9,60.9
45,gray,433,128,23,49,979,444.4,151.5,91.1,138.1,114.1
46,gray,509,128,23,49,979,519.6,151.5,90.7,138.3,114.3
47,gray,28,128,23,49,977,39.4,151.6,91.0,138.1,114.2
48,gray,104,128,23,49,977,114.5,151.6,90.8,138.2,114.2
49,gray,129,128,23,49,971,140.4,151.6,90.7,138.2,113.9
50,gray,205,128,24,49,1073,216.6,151.6,90.9,138.0,114.2
51,gray,306,128,24,49,983,316.7,151.6,91.1,138.0,113.9
52,gray,331,128,24,49,1026,343.0,151.6,90.9,138.0,114.0
53,gray,230,128,24,49,1004,241.7,151.9,90.7,138.2,113.9
54,gray,408,128,23,49,1003,418.3,151.9,90.7,138.2,114.1
55,gray,4,128,22,49,982,13.5,152.0,90.9,138.1,114.0
56,gray,534,128,24,49,984,545.5,152.1,90.6,138.2,114.0
57,gray,255,154,24,48,984,266.3,177.7,90.8,138.2,113.9
58,gray,154,154,22,48,988,165.2,177.8,90.6,138.1,113.9
59,gray,384,154,21,48,975,393.7,177.8,90.6,138.1,114.0
60,gray,53,154,23,48,961,63.6,178.0,90.8,138.2,114.0
61,gray,80,154,22,48,1002,90.0,178.0,91.0,138.1,113.9
62,gray,281,154,24,48,966,292.5,178.0,90.7,137.9,113.7
63,gray,458,154,22,48,1008,469.0,178.0,90.8,138.2,114.0
64,gray,485,154,22,48,1005,495.1,178.0,91.1,138.0,114.0
65,gray,181,154,22,48,977,191.4,178.1,90.8,138.1,113.9
66,gray,357,154,23,48,967,367.5,178.1,90.8,138.2,113.9
67,yellow,105,180,46,46,2037,127.5,202.5,201.1,137.8,60.8
68,yellow,206,180,46,46,2048,228.6,202.6,201.2,137.8,60.9
69,yellow,409,180,46,46,2043,431.4,202.6,201.2,137.8,61.0
70,yellow,510,180,46,46,2059,532.6,202.6,201.2,137.7,61.0
71,yellow,4,180,46,46,2046,26.3,202.7,201.1,137.8,61.1
72,yellow,308,180,46,46,2045,330.4,202.7,201.1,137.8,60.9
73,yellow,55,205,45,47,2045,77.0,228.3,201.3,137.9,60.8
74,yellow,156,205,45,47,2043,178.0,228.3,201.1,137.9,60.9
75,yellow,359,205,45,47,2008,380.6,228.3,201.0,137.9,60.8
76,yellow,460,205,45,47,2039,482.0,228.3,201.1,137.9,60.8
77,yellow,257,205,46,47,2075,279.1,228.5,200.9,137.9,60.9
78,yellow,206,232,46,45,2008,228.7,254.0,201.2,137.8,60.8
79,yellow,308,232,46,45,2005,330.3,254.0,201.2,137.9,60.9
80,yellow,4,232,46,45,2017,26.5,254.1,201.1,137.9,60.8
81,yellow,409,232,46,45,2013,431.2,254.1,201.2,137.8,60.8
82,yellow,510,232,46,45,2028,532.6,254.1,201.1,137.9,60.9
83,yellow,105,232,46,45,1993,127.5,254.3,201.1,137.9,60.8
84,gray,78,255,24,49,1020,89.9,278.5,90.9,138.1,114.0
85,gray,281,255,23,49,981,292.5,278.5,90.7,137.9,113.8
86,gray,357,255,23,49,981,367.5,278.5,90.8,138.3,114.0
87,gray,484,255,23,49,1021,494.9,278.5,90.9,138.2,114.0
88,gray,53,255,23,49,978,63.6,278.6,90.7,138.2,114.2
89,gray,179,255,24,49,987,191.4,278.6,91.0,138.1,113.9
90,gray,458,255,22,49,1018,469.1,278.6,91.1,138.1,114.0
91,gray,256,255,23,49,1005,266.3,278.8,90.9,138.2,114.0
92,gray,382,255,23,49,984,393.6,278.8,90.8,138.2,114.1
93,gray,155,255,21,49,998,165.3,278.9,90.7,138.1,114.0
94,gray,4,281,22,48,960,13.6,304.4,90.4,138.2,114.1
95,gray,534,281,24,48,964,545.5,304.4,90.1,138.4,114.2
96,gray,230,281,24,48,980,241.7,304.8,90.4,138.1,114.4
97,gray,306,281,24,48,953,316.8,304.8,90.9,138.0,114.2
98,gray,408,281,23,48,979,418.4,304.8,90.5,138.1,114.4
99,gray,28,281,23,48,950,39.3,305.0,90.6,138.1,114.5
100,gray,129,281,23,48,960,140.4,305.0,90.7,138.1,114.3
101,gray,331,281,24,48,1003,342.9,305.0,90.7,138.0,114.4
102,gray,433,281,23,48,959,444.4,305.0,90.7,138.2,114.5
103,gray,509,281,23,48,960,519.6,305.0,90.4,138.3,114.6
104,gray,104,281,23,48,966,114.5,305.1,90.8,138.2,114.4
105,gray,205,281,24,48,1064,216.5,305.1,90.6,138.0,114.4
106,yellow,257,307,46,46,2093,279.3,329.4,201.1,137.9,61.0
107,yellow,54,307,47,46,2021,76.9,329.5,201.2,137.8,60.8
108,yellow,358,307,46,46,2001,380.5,329.5,201.2,137.8,60.8
109,yellow,459,307,47,46,2025,481.9,329.5,201.2,137.8,60.8
110,yellow,155,307,47,46,2013,178.2,329.7,201.2,137.8,60.9
111,yellow,105,332,46,47,2025,127.4,354.8,201.1,137.9,60.9
112,yellow,206,332,46,47,2077,228.8,354.8,201.1,137.9,60.8
113,yellow,308,332,45,47,2073,330.2,354.8,201.2,137.9,60.9
114,yellow,409,332,45,47,2066,431.1,354.8,201.2,137.8,60.9
115,yellow,511,332,45,47,2068,532.8,354.8,201.3,137.8,61.0
116,yellow,4,332,45,47,2079,26.2,354.9,201.1,137.9,61.0
117,yellow,156,358,46,46,2011,178.0,381.0,201.1,137.8,60.9
118,yellow,257,359,46,45,2044,279.3,381.1,201.2,137.9,60.9
119,yellow,358,358,46,46,2018,380.8,381.1,201.2,137.8,60.8
120,yellow,459,358,47,46,2034,481.7,381.1,201.2,137.9,60.8
121,yellow,54,358,46,46,2018,76.8,381.2,201.2,137.9,60.8
122,gray,28,382,23,49,974,39.4,405.5,90.8,138.0,114.2
123,gray,104,382,23,49,976,114.6,405.5,90.5,138.3,114.2
124,gray,129,382,23,49,978,140.5,405.5,90.4,138.2,113.9
125,gray,509,382,23,49,971,519.6,405.5,90.5,138.2,114.3
126,gray,205,382,24,49,1075,216.6,405.6,90.8,137.9,114.2
127,gray,333,382,22,49,1024,343.0,405.6,90.7,137.9,114.0
128,gray,433,382,23,49,969,444.4,405.6,90.6,138.2,114.2
129,gray,306,382,22,49,981,316.8,405.7,90.5,138.1,114.0
130,gray,232,382,21,49,999,241.7,405.8,90.6,138.0,113.9
131,gray,408,382,23,49,996,418.4,405.8,90.4,138.2,114.2
132,gray,4,382,22,49,982,13.5,406.0,90.5,138.0,114.1
133,gray,534,382,22,49,976,545.4,406.1,90.3,138.2,114.1
134,gray,181,407,20,24,464,190.8,418.4,90.8,137.8,113.8
135,gray,55,407,21,24,457,64.1,418.5,90.6,137.9,113.6
136,gray,80,407,20,24,479,89.5,418.5,90.7,137.7,113.8
137,gray,156,407,20,24,479,165.5,418.5,90.7,137.6,113.8
138,gray,257,407,21,24,479,266.5,418.5,90.8,137.8,113.9
139,gray,281,407,21,24,457,292.0,418.5,90.6,137.6,113.6
140,gray,359,407,21,24,456,368.0,418.5,90.9,137.7,113.7
141,gray,460,407,20,24,478,469.5,418.5,90.6,137.8,113.9
142,gray,485,407,20,24,478,494.5,418.5,90.8,137.6,113.9
143,gray,384,407,20,24,475,393.4,418.6,90.8,137.7,113.8
